{
  "years": [
    2026,
    2027,
    2028,
    2029
  ],
  "policyengine": [
    -0.1450000951637561,
    -0.1549996597797834,
    -0.1600001206615772,
    -0.1649998342251622
  ],
  "obr_static": [
    -0.15,
    -0.16,
    -0.16,
    -0.17
  ],
  "obr_behavioural": [
    -0.15,
    -0.16,
    -0.16,
    -0.17
  ]
}