{
  "years": [
    2026,
    2027,
    2028,
    2029
  ],
  "policyengine": [
    0.0,
    0.0,
    3.7469519146733425,
    7.821351869670356
  ],
  "obr_static": [
    0.0,
    0.0,
    3.2,
    7.4
  ],
  "obr_behavioural": [
    0.0,
    0.0,
    3.3,
    7.6
  ]
}