{
  "years": [
    2026,
    2027,
    2028,
    2029
  ],
  "policyengine": [
    -2.949504244183563,
    -3.116620542874178,
    -3.3960843116585164,
    -3.550800037610205
  ],
  "obr_static": [
    -2.1,
    -2.2,
    -2.4,
    -2.7
  ],
  "obr_behavioural": [
    -2.3,
    -2.5,
    -2.7,
    -3.0
  ]
}