{
  "years": [
    2026,
    2027,
    2028,
    2029
  ],
  "policyengine": [
    0.0,
    1.4192121393094248,
    1.466676929184744,
    1.5145589677331297
  ],
  "obr_static": [
    0.0,
    1.5,
    1.2,
    1.3
  ],
  "obr_behavioural": [
    0.3,
    1.0,
    1.0,
    1.1
  ]
}