{
  "years": [
    2026,
    2027,
    2028,
    2029
  ],
  "policyengine": [
    0.0,
    0.0,
    0.0209813070801451,
    0.0223823364091562
  ],
  "obr_static": [
    0.0,
    0.0,
    0.6,
    0.6
  ],
  "obr_behavioural": [
    0.0,
    0.0,
    0.5,
    0.5
  ]
}