{
  "years": [
    2026,
    2027,
    2028,
    2029
  ],
  "policyengine": [
    -3.3743905878626133,
    -1.5156467067642614,
    -1.474301293575977,
    -0.8850673996726718
  ],
  "obr_static": [
    0.0,
    -0.9,
    -0.9,
    -0.9
  ],
  "obr_behavioural": [
    0.0,
    -0.9,
    -0.9,
    -0.9
  ]
}