{
  "years": [
    2026,
    2027,
    2028,
    2029
  ],
  "policyengine": [
    -3.1606945637113535,
    -3.2364716772964224,
    -3.3157071169647945,
    -3.398234326218848
  ]
}